estado_miembro,cuentas_abiertas,solicitudes_rechazadas,tasa_rechazo_pct
Bélgica,32083,0,0.0
Bulgaria,2157,40,1.8
Chequia,1682,73,4.2
Dinamarca,9819,,
Alemania,175367,2968,1.7
Estonia,98900,1917,1.9
Irlanda,136992,4642,3.3
Grecia,521461,230,0.0
España,17143,3426,16.7
Francia,26052,4636,15.1
Croacia,2649,63,2.3
Italia,19211,209,1.1
Chipre,25206,91,0.4
Letonia,809,6,0.7
Lituania,5366,23,0.4
Luxemburgo,33,0,0.0
Hungría,761,,
Malta,2511,36,1.4
Países Bajos,,,
Austria,7028,34,0.5
Polonia,23752,1021,4.1
Portugal,41265,2379,5.5
Rumanía,557924,1718,0.3
Eslovenia,2579,48,1.8
Eslovaquia,487,1,0.2
Finlandia,15753,43,0.3
Suecia,228135,941,0.4
Unión Europea,1955125,24545,1.2
