obligacion_a,obligacion_b,relacion
IA-9,RGPD-25,D
IA-9,EBA20-54,N
IA-10,CCD-18.1,D
IA-10,RGPD-5c,C
IA-26.4,CCD-18.1,D
IA-26.4,RGPD-5c,C
IA-11,EBA20-54,D
IA-12,DORA-6,I
IA-14,RGPD-22,D
IA-14,CCD-18.8,D
IA-26.2,RGPD-22,D
IA-26.2,CCD-18.8,D
RGPD-22,CCD-18.8,D
IA-15,DORA-6,I
IA-17,DORA-6,N
IA-26.6,DORA-6,N
IA-72,EBA20-55,N
IA-26.5,EBA20-55,N
IA-73,DORA-19,N
IA-26.11,RGPD-13,D
IA-27,RGPD-35,N
IA-86,RGPD-15,N
IA-86,CCD-18.8,N
RGPD-15,CCD-18.8,D
RGPD-9,CCD-18.3,I
PAD-15,EBA23-10,I
PAD-16.4,L10-7.3,D
EBA23-14,AMLR-77,I
EBA23-14,RGPD-5cA,C
AMLR-77,RGPD-5cA,I
EBA23-20,AMLR-AII,I
AMLR-76.5,RGPD-22A,D
